sujeto;orden;modelo
1;C,A,B;C
2;B,C,A;E
3;A,B,C;C
4;C,A,B;E
5;A,C,B;E
6;B,A,C;C
7;C,A,B;C
8;B,C,A;E
9;A,C,B;C
10;C,A,B;E
11;C,B,A;E
12;B,C,A;E
13;C,A,B;C
14;B,C,A;E
15;C,A,B;E
16;A,B,C;C
17;B,A,C;C
18;C,B,A;C
19;A,C,B;
20;B,A,C;
21;C,B,A;
22;A,B,C;
23;A,C,B;
24;B,A,C;
25;B,A,C;
26;C,B,A;
27;B,A,C;
28;B,A,C;
29;C,B,A;
30;C,A,B;
31;A,C,B;
32;A,B,C;
33;B,C,A;
34;C,B,A;
35;B,C,A;
36;C,A,B;
37;A,C,B;
38;A,B,C;
39;A,B,C;
40;B,A,C;
41;B,A,C;
42;C,B,A;
43;C,A,B;
44;C,B,A;
45;A,B,C;
46;C,B,A;
47;C,A,B;
48;C,A,B;
49;C,A,B;
50;A,C,B;
51;C,A,B;
52;A,C,B;
53;A,B,C;
54;A,C,B;
55;B,C,A;
56;C,B,A;
57;B,C,A;
58;C,B,A;
59;A,B,C;
60;B,C,A;
61;A,C,B;
62;B,A,C;
63;A,C,B;
64;A,B,C;
65;C,A,B;
66;A,C,B;
67;C,B,A;
68;C,A,B;
69;B,C,A;
70;C,A,B;
71;C,A,B;
72;A,B,C;
73;B,A,C;
74;B,C,A;
75;C,A,B;
76;C,A,B;
77;B,A,C;
78;A,B,C;
79;C,A,B;
80;C,B,A;
81;A,C,B;
82;B,A,C;
83;A,C,B;
84;A,B,C;
85;C,B,A;
86;B,C,A;
87;C,A,B;
88;A,B,C;
89;C,B,A;
90;A,B,C;
91;A,C,B;
92;C,A,B;
93;C,B,A;
94;B,C,A;
95;A,B,C;
96;C,B,A;
97;C,A,B;
98;B,A,C;
99;C,A,B;
100;B,C,A;
101;B,A,C;
102;A,B,C;
103;B,C,A;
104;A,C,B;
105;A,B,C;
106;C,B,A;
107;B,A,C;
108;C,B,A;
109;B,A,C;
110;A,B,C;
111;A,C,B;
112;A,C,B;
113;B,A,C;
114;B,C,A;
115;C,B,A;
116;C,B,A;
117;C,A,B;
118;A,C,B;
119;A,C,B;
120;C,B,A;
121;A,C,B;
122;A,C,B;
123;A,B,C;
124;A,B,C;
125;A,B,C;
126;A,B,C;
127;A,C,B;
128;B,C,A;
129;A,C,B;
130;C,B,A;
131;A,C,B;
132;B,C,A;
133;B,A,C;
134;C,B,A;
135;C,A,B;
136;C,A,B;
137;B,A,C;
138;A,B,C;
139;C,B,A;
140;B,A,C;
141;A,C,B;
142;C,B,A;
143;B,C,A;
144;A,C,B;
145;C,B,A;
146;A,C,B;
147;C,B,A;
148;A,B,C;
149;C,A,B;
150;A,B,C;
151;C,A,B;
152;C,A,B;
153;A,C,B;
154;C,A,B;
155;A,B,C;
156;A,C,B;
157;A,C,B;
158;C,B,A;
159;A,B,C;
160;B,A,C;
161;A,C,B;
162;A,C,B;
163;C,B,A;
164;C,B,A;
165;C,B,A;
166;B,C,A;
167;A,B,C;
168;B,A,C;
169;C,A,B;
170;B,C,A;
171;B,A,C;
172;B,A,C;
173;B,A,C;
174;C,B,A;
175;A,C,B;
176;C,A,B;
177;C,A,B;
178;C,B,A;
179;B,C,A;
180;C,B,A;
181;C,B,A;
182;C,B,A;
183;A,B,C;
184;C,A,B;
185;C,A,B;
186;B,A,C;
187;B,A,C;
188;A,B,C;
189;A,B,C;
190;C,B,A;
191;C,A,B;
192;B,A,C;
193;B,C,A;
194;B,A,C;
195;B,A,C;
196;B,A,C;
197;A,C,B;
198;C,A,B;
199;C,A,B;
200;C,B,A;
